pm9585;KOEBERG-1;KOEBERG;SOUTH AFRICA;1800;18.416700;-33.650000;;18.4167;-33.65
pm9586;KOEBERG-2;KOEBERG;SOUTH AFRICA;1800;18.416700;-33.650000;;18.4167;-33.65
pm9587;ATUCHA-1;ATUCHA;ARGENTINA;1027;-59.166700;-34.000000;;-59.1667;-34
pm9588;ATUCHA-2;ATUCHA;ARGENTINA;1027;-59.166700;-34.000000;;-59.1667;-34
pm9589;EMBALSE;EMBALSE;ARGENTINA;600;-64.433300;-32.233300;;-64.4333;-32.2333
pm9590;ANGRA-1;ANGRA;BRAZIL;3129;-44.473900;-23.008300;;-44.4739;-23.0083
pm9591;ANGRA-2;ANGRA;BRAZIL;3129;-44.473900;-23.008300;;-44.4739;-23.0083
pm9592;ANGRA-3;ANGRA;BRAZIL;3129;-44.473900;-23.008300;;-44.4739;-23.0083
pm9593;LAGUNA VERDE-1;LAGUNA VERDE;MEXICO;1300;-96.387500;19.725000;;-96.3875;19.725
pm9594;LAGUNA VERDE-2;LAGUNA VERDE;MEXICO;1300;-96.387500;19.725000;;-96.3875;19.725
pm9595;BRUCE-1;BRUCE;CANADA;4693;-81.600000;44.333300;;-81.6;44.3333
pm9596;BRUCE-2;BRUCE;CANADA;4693;-81.600000;44.333300;;-81.6;44.3333
pm9597;BRUCE-3;BRUCE;CANADA;4693;-81.600000;44.333300;;-81.6;44.3333
pm9598;BRUCE-4;BRUCE;CANADA;4693;-81.600000;44.333300;;-81.6;44.3333
pm9599;BRUCE-5;BRUCE;CANADA;4693;-81.600000;44.333300;;-81.6;44.3333
pm9600;BRUCE-6;BRUCE;CANADA;4693;-81.600000;44.333300;;-81.6;44.3333
pm9601;BRUCE-7;BRUCE;CANADA;4693;-81.600000;44.333300;;-81.6;44.3333
pm9602;LUNGMEN 1;LUNGMEN;TAIWAN;2600;121.924167;25.038611;;121.924167;25.038611
pm9603;LUNGMEN 2;LUNGMEN;TAIWAN;2600;121.924167;25.038611;;121.924167;25.038611
pm9604;MAANSHAN-1;MAANSHAN;TAIWAN;1841;120.750000;21.966700;;120.75;21.9667
pm9605;MAANSHAN-2;MAANSHAN;TAIWAN;1841;120.750000;21.966700;;120.75;21.9667
pm9606;KAIGA-1;KAIGA;INDIA;808;74.450000;14.866700;;74.45;14.8667
pm9607;KAIGA-2;KAIGA;INDIA;808;74.450000;14.866700;;74.45;14.8667
pm9608;KAIGA-3;KAIGA;INDIA;808;74.450000;14.866700;;74.45;14.8667
pm9609;KAIGA-4;KAIGA;INDIA;808;74.450000;14.866700;;74.45;14.8667
pm9610;KAKRAPAR-1;KAKRAPAR;INDIA;1664;73.400000;21.266700;;73.4;21.2667
pm9611;KAKRAPAR-2;KAKRAPAR;INDIA;1664;73.400000;21.266700;;73.4;21.2667
pm9612;KAKRAPAR-3;KAKRAPAR;INDIA;1664;73.400000;21.266700;;73.4;21.2667
pm9613;KAKRAPAR-4;KAKRAPAR;INDIA;1664;73.400000;21.266700;;73.4;21.2667
pm9614;KUDANKULAM-1;KUDANKULAM;INDIA;1834;77.712500;8.168889;;77.7125;8.168889
pm9615;KUDANKULAM-2;KUDANKULAM;INDIA;1834;77.712500;8.168889;;77.7125;8.168889
pm9616;MADRAS-1;MADRAS;INDIA;880;80.175000;12.557500;;80.175;12.5575
pm9617;TSURUGA-1;TSURUGA;JAPAN;1448;136.021000;35.749700;;136.021;35.7497
pm9618;TSURUGA-2;TSURUGA;JAPAN;1448;136.021000;35.749700;;136.021;35.7497
pm9619;KORI-1;KORI;KOREA;3227;129.300000;35.316700;;129.3;35.3167
pm9620;KORI-2;KORI;KOREA;3227;129.300000;35.316700;;129.3;35.3167
pm9621;KORI-3;KORI;KOREA;3227;129.300000;35.316700;;129.3;35.3167
pm9622;KORI-4;KORI;KOREA;3227;129.300000;35.316700;;129.3;35.3167
pm9623;SHIN-KORI-1;SHIN-KORI I;KOREA;4641;129.300000;35.316700;;129.3;35.3167
pm9624;SHIN-KORI-2;SHIN-KORI I;KOREA;4641;129.300000;35.316700;;129.3;35.3167
pm9625;SHIN-KORI-3;SHIN-KORI II;KOREA;4641;129.300000;35.316700;;129.3;35.3167
pm9626;SHIN-KORI-4;SHIN-KORI II;KOREA;4641;129.300000;35.316700;;129.3;35.3167
pm9627;SHIN-WOLSONG-1;SHIN-WOLSONG;KOREA;1920;129.250000;35.866700;;129.25;35.8667
pm9628;SHIN-WOLSONG-2;SHIN-WOLSONG;KOREA;1920;129.250000;35.866700;;129.25;35.8667
pm9629;ULCHIN-1;ULCHIN;KOREA;5873;129.383000;37.100000;;129.383;37.1
pm9630;ULCHIN-2;ULCHIN;KOREA;5873;129.383000;37.100000;;129.383;37.1
pm9631;ULCHIN-3;ULCHIN;KOREA;5873;129.383000;37.100000;;129.383;37.1
pm9632;ULCHIN-4;ULCHIN;KOREA;5873;129.383000;37.100000;;129.383;37.1
pm9633;BRUCE-8;BRUCE;CANADA;4693;-81.600000;44.333300;;-81.6;44.3333
pm9634;DARLINGTON-1;DARLINGTON;CANADA;3512;-78.700000;43.883300;;-78.7;43.8833
pm9635;DARLINGTON-2;DARLINGTON;CANADA;3512;-78.700000;43.883300;;-78.7;43.8833
pm9636;DARLINGTON-3;DARLINGTON;CANADA;3512;-78.700000;43.883300;;-78.7;43.8833
pm9637;DARLINGTON-4;DARLINGTON;CANADA;3512;-78.700000;43.883300;;-78.7;43.8833
pm9638;GENTILLY-2;GENTILLY;CANADA;635;-72.316700;46.400000;;-72.3167;46.4
pm9639;PICKERING-1;PICKERING;CANADA;3094;-79.066700;43.816700;;-79.0667;43.8167
pm9640;PICKERING-2;PICKERING;CANADA;3094;-79.066700;43.816700;;-79.0667;43.8167
pm9641;PICKERING-3;PICKERING;CANADA;3094;-79.066700;43.816700;;-79.0667;43.8167
pm9642;PICKERING-4;PICKERING;CANADA;3094;-79.066700;43.816700;;-79.0667;43.8167
pm9643;PICKERING-5;PICKERING;CANADA;3094;-79.066700;43.816700;;-79.0667;43.8167
pm9644;PICKERING-6;PICKERING;CANADA;3094;-79.066700;43.816700;;-79.0667;43.8167
pm9645;PICKERING-7;PICKERING;CANADA;3094;-79.066700;43.816700;;-79.0667;43.8167
pm9646;PICKERING-8;PICKERING;CANADA;3094;-79.066700;43.816700;;-79.0667;43.8167
pm9647;POINT LEPREAU;POINT LEPREAU;CANADA;635;-66.466700;45.066700;;-66.4667;45.0667
pm9648;ARKANSAS ONE-1;ARKANSAS ONE;UNITED STATES OF AMERICA;1839;-93.230800;35.226700;;-93.2308;35.2267
pm9649;ARKANSAS ONE-2;ARKANSAS ONE;UNITED STATES OF AMERICA;1839;-93.230800;35.226700;;-93.2308;35.2267
pm9650;BEAVER VALLEY-1;BEAVER VALLEY;UNITED STATES OF AMERICA;1738;-80.433900;40.621900;;-80.4339;40.6219
pm9651;BEAVER VALLEY-2;BEAVER VALLEY;UNITED STATES OF AMERICA;1738;-80.433900;40.621900;;-80.4339;40.6219
pm9652;BRAIDWOOD-1;BRAIDWOOD;UNITED STATES OF AMERICA;2330;-88.228900;41.243600;;-88.2289;41.2436
pm9653;BRAIDWOOD-2;BRAIDWOOD;UNITED STATES OF AMERICA;2330;-88.228900;41.243600;;-88.2289;41.2436
pm9654;BROWNS FERRY-1;BROWNS FERRY;UNITED STATES OF AMERICA;3272;-87.118600;34.704200;;-87.1186;34.7042
pm9655;BROWNS FERRY-2;BROWNS FERRY;UNITED STATES OF AMERICA;3272;-87.118600;34.704200;;-87.1186;34.7042
pm9656;BROWNS FERRY-3;BROWNS FERRY;UNITED STATES OF AMERICA;3272;-87.118600;34.704200;;-87.1186;34.7042
pm9657;BRUNSWICK-1;BRUNSWICK;UNITED STATES OF AMERICA;1858;-78.010600;33.958300;;-78.0106;33.9583
pm9658;BRUNSWICK-2;BRUNSWICK;UNITED STATES OF AMERICA;1858;-78.010600;33.958300;;-78.0106;33.9583
pm9659;BYRON-1;BYRON;UNITED STATES OF AMERICA;2300;-89.281900;42.075000;;-89.2819;42.075
pm9660;BYRON-2;BYRON;UNITED STATES OF AMERICA;2300;-89.281900;42.075000;;-89.2819;42.075
pm9661;IKATA-2;IKATA;JAPAN;1922;132.317000;33.483300;;132.317;33.4833
pm9662;IKATA-3;IKATA;JAPAN;1922;132.317000;33.483300;;132.317;33.4833
pm9663;KASHIWAZAKI KARIWA-1;KASHIWAZAKI KARIWA;JAPAN;7965;138.583000;37.416700;;138.583;37.4167
pm9664;KASHIWAZAKI KARIWA-2;KASHIWAZAKI KARIWA;JAPAN;7965;138.583000;37.416700;;138.583;37.4167
pm9665;KASHIWAZAKI KARIWA-3;KASHIWAZAKI KARIWA;JAPAN;7965;138.583000;37.416700;;138.583;37.4167
pm9666;KASHIWAZAKI KARIWA-4;KASHIWAZAKI KARIWA;JAPAN;7965;138.583000;37.416700;;138.583;37.4167
pm9667;KASHIWAZAKI KARIWA-5;KASHIWAZAKI KARIWA;JAPAN;7965;138.583000;37.416700;;138.583;37.4167
pm9668;KASHIWAZAKI KARIWA-6;KASHIWAZAKI KARIWA;JAPAN;7965;138.583000;37.416700;;138.583;37.4167
pm9669;KASHIWAZAKI KARIWA-7;KASHIWAZAKI KARIWA;JAPAN;7965;138.583000;37.416700;;138.583;37.4167
pm9670;MIHAMA-1;MIHAMA;JAPAN;1720;135.967000;35.700000;;135.967;35.7
pm9671;MIHAMA-2;MIHAMA;JAPAN;1720;135.967000;35.700000;;135.967;35.7
pm9672;MIHAMA-3;MIHAMA;JAPAN;1720;135.967000;35.700000;;135.967;35.7
pm9673;MONJU;MONJU;JAPAN;10;136.000000;35.766700;;136;35.7667
pm9674;OHI-1;OHI;JAPAN;4494;135.650000;35.533300;;135.65;35.5333
pm9675;OHI-2;OHI;JAPAN;4494;135.650000;35.533300;;135.65;35.5333
pm9676;OHI-3;OHI;JAPAN;4494;135.650000;35.533300;;135.65;35.5333
pm9677;OHI-4;OHI;JAPAN;4494;135.650000;35.533300;;135.65;35.5333
pm9678;CALLAWAY-1;CALLAWAY;UNITED STATES OF AMERICA;1190;-91.781700;38.758300;;-91.7817;38.7583
pm9679;CALVERT CLIFFS-1;CALVERT CLIFFS;UNITED STATES OF AMERICA;1735;-76.441900;38.434700;;-76.4419;38.4347
pm9680;CALVERT CLIFFS-2;CALVERT CLIFFS;UNITED STATES OF AMERICA;1735;-76.441900;38.434700;;-76.4419;38.4347
pm9681;CATAWBA-1;CATAWBA;UNITED STATES OF AMERICA;2258;-81.069400;35.051400;;-81.0694;35.0514
pm9682;CATAWBA-2;CATAWBA;UNITED STATES OF AMERICA;2258;-81.069400;35.051400;;-81.0694;35.0514
pm9683;CLINTON-1;CLINTON;UNITED STATES OF AMERICA;1043;-88.834200;40.171900;;-88.8342;40.1719
pm9684;COLUMBIA;COLUMBIA;UNITED STATES OF AMERICA;1131;-119.333889;46.471111;;-119.333889;46.471111
pm9685;COMANCHE PEAK-1;COMANCHE PEAK;UNITED STATES OF AMERICA;2367;-97.785000;32.297800;;-97.785;32.2978
pm9686;COMANCHE PEAK-2;COMANCHE PEAK;UNITED STATES OF AMERICA;2367;-97.785000;32.297800;;-97.785;32.2978
pm9687;COOPER;COOPER;UNITED STATES OF AMERICA;769;-95.641100;40.361900;;-95.6411;40.3619
pm9688;CRYSTAL RIVER-3;CRYSTAL RIVER;UNITED STATES OF AMERICA;860;-82.698900;28.957200;;-82.6989;28.9572
pm9689;DAVIS BESSE-1;DAVIS BESSE;UNITED STATES OF AMERICA;879;-83.086400;41.597200;;-83.0864;41.5972
pm9690;DIABLO CANYON-1;DIABLO CANYON;UNITED STATES OF AMERICA;2240;-120.854000;35.211700;;-120.854;35.2117
pm9691;DIABLO CANYON-2;DIABLO CANYON;UNITED STATES OF AMERICA;2240;-120.854000;35.211700;;-120.854;35.2117
pm9692;MADRAS-2;MADRAS;INDIA;880;80.175000;12.557500;;80.175;12.5575
pm9693;NARORA-1;NARORA;INDIA;404;78.366700;28.183300;;78.3667;28.1833
pm9694;NARORA-2;NARORA;INDIA;404;78.366700;28.183300;;78.3667;28.1833
pm9695;PFBR;MADRAS;INDIA;880;80.158400;12.507700;;80.1584;12.5077
pm9696;RAJASTHAN-1;RAJASTHAN;INDIA;1085;75.633300;24.883300;;75.6333;24.8833
pm9697;RAJASTHAN-2;RAJASTHAN;INDIA;1085;75.633300;24.883300;;75.6333;24.8833
pm9698;RAJASTHAN-3;RAJASTHAN;INDIA;1085;75.633300;24.883300;;75.6333;24.8833
pm9699;RAJASTHAN-4;RAJASTHAN;INDIA;1085;75.633300;24.883300;;75.6333;24.8833
pm9700;RAJASTHAN-5;RAJASTHAN;INDIA;1085;75.633300;24.883300;;75.6333;24.8833
pm9701;RAJASTHAN-6;RAJASTHAN;INDIA;1085;75.633300;24.883300;;75.6333;24.8833
pm9702;TARAPUR-1;TARAPUR;INDIA;1280;72.666700;19.833300;;72.6667;19.8333
pm9703;TARAPUR-2;TARAPUR;INDIA;1280;72.666700;19.833300;;72.6667;19.8333
pm9704;TARAPUR-3;TARAPUR;INDIA;1280;72.666700;19.833300;;72.6667;19.8333
pm9705;TARAPUR-4;TARAPUR;INDIA;1280;72.666700;19.833300;;72.6667;19.8333
pm9706;BUSHEHR 1;BUSHEHR;IRAN;915;50.883300;28.850000;;50.8833;28.85
pm9707;DONALD COOK-1;DONALD COOK;UNITED STATES OF AMERICA;2069;-86.566400;41.976100;;-86.5664;41.9761
pm9708;DONALD COOK-2;DONALD COOK;UNITED STATES OF AMERICA;2069;-86.566400;41.976100;;-86.5664;41.9761
pm9709;DRESDEN-2;DRESDEN;UNITED STATES OF AMERICA;1734;-88.271100;41.389700;;-88.2711;41.3897
pm9710;DRESDEN-3;DRESDEN;UNITED STATES OF AMERICA;1734;-88.271100;41.389700;;-88.2711;41.3897
pm9711;DUANE ARNOLD-1;DUANE ARNOLD;UNITED STATES OF AMERICA;579;-91.777200;42.100600;;-91.7772;42.1006
pm9712;ENRICO FERMI-2;ENRICO FERMI;UNITED STATES OF AMERICA;1122;-83.258600;41.963300;;-83.2586;41.9633
pm9713;FARLEY-1;FARLEY;UNITED STATES OF AMERICA;1711;-85.112500;31.222800;;-85.1125;31.2228
pm9714;FARLEY-2;FARLEY;UNITED STATES OF AMERICA;1711;-85.112500;31.222800;;-85.1125;31.2228
pm9715;FITZPATRICK;FITZPATRICK;UNITED STATES OF AMERICA;854;-76.398300;43.523900;;-76.3983;43.5239
pm9716;FORT CALHOUN-1;FORT CALHOUN;UNITED STATES OF AMERICA;482;-96.076700;41.520800;;-96.0767;41.5208
pm9717;GRAND GULF-1;GRAND GULF;UNITED STATES OF AMERICA;1259;-91.048100;32.007500;;-91.0481;32.0075
pm9718;H.B. ROBINSON-2;H.B. ROBINSON;UNITED STATES OF AMERICA;710;-80.158600;34.405300;;-80.1586;34.4053
pm9719;HATCH-1;HATCH;UNITED STATES OF AMERICA;1759;-82.344400;31.934200;;-82.3444;31.9342
pm9720;HATCH-2;HATCH;UNITED STATES OF AMERICA;1759;-82.344400;31.934200;;-82.3444;31.9342
pm9721;ULCHIN-5;ULCHIN;KOREA;5873;129.383000;37.100000;;129.383;37.1
pm9722;ULCHIN-6;ULCHIN;KOREA;5873;129.383000;37.100000;;129.383;37.1
pm9723;WOLSONG-1;WOLSONG;KOREA;2722;129.483000;35.716700;;129.483;35.7167
pm9724;WOLSONG-2;WOLSONG;KOREA;2722;129.483000;35.716700;;129.483;35.7167
pm9725;WOLSONG-3;WOLSONG;KOREA;2722;129.483000;35.716700;;129.483;35.7167
pm9726;WOLSONG-4;WOLSONG;KOREA;2722;129.483000;35.716700;;129.483;35.7167
pm9727;YONGGWANG-1;YONGGWANG;KOREA;5875;126.417000;35.416700;;126.417;35.4167
pm9728;YONGGWANG-2;YONGGWANG;KOREA;5875;126.417000;35.416700;;126.417;35.4167
pm9729;YONGGWANG-3;YONGGWANG;KOREA;5875;126.417000;35.416700;;126.417;35.4167
pm9730;YONGGWANG-4;YONGGWANG;KOREA;5875;126.417000;35.416700;;126.417;35.4167
pm9731;YONGGWANG-5;YONGGWANG;KOREA;5875;126.417000;35.416700;;126.417;35.4167
pm9732;YONGGWANG-6;YONGGWANG;KOREA;5875;126.417000;35.416700;;126.417;35.4167
pm9733;CHIN SHAN-1;CHIN SHAN;TAIWAN;1208;121.567000;25.283300;;121.567;25.2833
pm9734;CHIN SHAN-2;CHIN SHAN;TAIWAN;1208;121.567000;25.283300;;121.567;25.2833
pm9735;KUOSHENG-1;KUOSHENG;TAIWAN;1933;121.650000;25.216700;;121.65;25.2167
pm9736;KUOSHENG-2;KUOSHENG;TAIWAN;1933;121.650000;25.216700;;121.65;25.2167
pm9737;HOPE CREEK-1;HOPE CREEK;UNITED STATES OF AMERICA;1161;-75.538100;39.467800;;-75.5381;39.4678
pm9738;INDIAN POINT-2;INDIAN POINT;UNITED STATES OF AMERICA;2065;-73.952500;41.271400;;-73.9525;41.2714
pm9739;INDIAN POINT-3;INDIAN POINT;UNITED STATES OF AMERICA;2065;-73.952500;41.271400;;-73.9525;41.2714
pm9740;KEWAUNEE;KEWAUNEE;UNITED STATES OF AMERICA;556;-87.536100;44.343100;;-87.5361;44.3431
pm9741;LASALLE-1;LASALLE;UNITED STATES OF AMERICA;2238;-88.670800;41.243900;;-88.6708;41.2439
pm9742;LASALLE-2;LASALLE;UNITED STATES OF AMERICA;2238;-88.670800;41.243900;;-88.6708;41.2439
pm9743;LIMERICK-1;LIMERICK;UNITED STATES OF AMERICA;2264;-75.590000;40.220000;;-75.59;40.22
pm9744;LIMERICK-2;LIMERICK;UNITED STATES OF AMERICA;2264;-75.590000;40.220000;;-75.59;40.22
pm9745;MCGUIRE-1;MCGUIRE;UNITED STATES OF AMERICA;2200;-80.948300;35.432200;;-80.9483;35.4322
pm9746;MCGUIRE-2;MCGUIRE;UNITED STATES OF AMERICA;2200;-80.948300;35.432200;;-80.9483;35.4322
pm9747;MILLSTONE-2;MILLSTONE;UNITED STATES OF AMERICA;2014;-72.168100;41.308600;;-72.1681;41.3086
pm9748;MILLSTONE-3;MILLSTONE;UNITED STATES OF AMERICA;2014;-72.168100;41.308600;;-72.1681;41.3086
pm9749;MONTICELLO;MONTICELLO;UNITED STATES OF AMERICA;572;-93.848300;45.333300;;-93.8483;45.3333
pm9750;NINE MILE POINT-1;NINE MILE POINT;UNITED STATES OF AMERICA;1763;-76.410000;43.522200;;-76.41;43.5222
pm9751;BILIBINO-1;BILIBINO;RUSSIAN FEDERATION;44;166.450000;68.050000;;166.45;68.05
pm9752;BILIBINO-2;BILIBINO;RUSSIAN FEDERATION;44;166.450000;68.050000;;166.45;68.05
pm9753;BILIBINO-3;BILIBINO;RUSSIAN FEDERATION;44;166.450000;68.050000;;166.45;68.05
pm9754;BILIBINO-4;BILIBINO;RUSSIAN FEDERATION;44;166.450000;68.050000;;166.45;68.05
pm9755;KALININ-1;KALININ;RUSSIAN FEDERATION;3800;35.083300;57.916700;;35.0833;57.9167
pm9756;KALININ-2;KALININ;RUSSIAN FEDERATION;3800;35.083300;57.916700;;35.0833;57.9167
pm9757;KALININ-3;KALININ;RUSSIAN FEDERATION;3800;35.083300;57.916700;;35.0833;57.9167
pm9758;KALININ-4;KALININ;RUSSIAN FEDERATION;3800;35.083300;57.916700;;35.0833;57.9167
pm9759;KOLA-1;KOLA;RUSSIAN FEDERATION;1644;32.466700;67.466700;;32.4667;67.4667
pm9760;KOLA-2;KOLA;RUSSIAN FEDERATION;1644;32.466700;67.466700;;32.4667;67.4667
pm9761;KOLA-3;KOLA;RUSSIAN FEDERATION;1644;32.466700;67.466700;;32.4667;67.4667
pm9762;KOLA-4;KOLA;RUSSIAN FEDERATION;1644;32.466700;67.466700;;32.4667;67.4667
pm9763;KURSK-1;KURSK;RUSSIAN FEDERATION;3700;35.616700;51.683300;;35.6167;51.6833
pm9764;KURSK-2;KURSK;RUSSIAN FEDERATION;3700;35.616700;51.683300;;35.6167;51.6833
pm9765;NINE MILE POINT-2;NINE MILE POINT;UNITED STATES OF AMERICA;1763;-76.410000;43.522200;;-76.41;43.5222
pm9766;NORTH ANNA-1;NORTH ANNA;UNITED STATES OF AMERICA;1806;-77.790600;38.060800;;-77.7906;38.0608
pm9767;NORTH ANNA-2;NORTH ANNA;UNITED STATES OF AMERICA;1806;-77.790600;38.060800;;-77.7906;38.0608
pm9768;OCONEE-1;OCONEE;UNITED STATES OF AMERICA;2538;-82.898600;34.791700;;-82.8986;34.7917
pm9769;OCONEE-2;OCONEE;UNITED STATES OF AMERICA;2538;-82.898600;34.791700;;-82.8986;34.7917
pm9770;OCONEE-3;OCONEE;UNITED STATES OF AMERICA;2538;-82.898600;34.791700;;-82.8986;34.7917
pm9771;OYSTER CREEK;OYSTER CREEK;UNITED STATES OF AMERICA;614;-74.206400;39.814200;;-74.2064;39.8142
pm9772;PALISADES;PALISADES;UNITED STATES OF AMERICA;778;-86.315300;42.322200;;-86.3153;42.3222
pm9773;PALO VERDE-1;PALO VERDE;UNITED STATES OF AMERICA;3942;-112.862000;33.389700;;-112.862;33.3897
pm9774;PALO VERDE-2;PALO VERDE;UNITED STATES OF AMERICA;3942;-112.862000;33.389700;;-112.862;33.3897
pm9775;PALO VERDE-3;PALO VERDE;UNITED STATES OF AMERICA;3942;-112.862000;33.389700;;-112.862;33.3897
pm9776;PEACH BOTTOM-2;PEACH BOTTOM;UNITED STATES OF AMERICA;2224;-76.269200;39.758900;;-76.2692;39.7589
pm9777;PEACH BOTTOM-3;PEACH BOTTOM;UNITED STATES OF AMERICA;2224;-76.269200;39.758900;;-76.2692;39.7589
pm9778;PERRY-1;PERRY;UNITED STATES OF AMERICA;1245;-81.143300;41.801100;;-81.1433;41.8011
pm9779;PILGRIM-1;PILGRIM;UNITED STATES OF AMERICA;684;-70.579400;41.944400;;-70.5794;41.9444
pm9780;POINT BEACH-1;POINT BEACH;UNITED STATES OF AMERICA;1026;-87.536100;44.280800;;-87.5361;44.2808
pm9781;POINT BEACH-2;POINT BEACH;UNITED STATES OF AMERICA;1026;-87.536100;44.280800;;-87.5361;44.2808
pm9782;PRAIRIE ISLAND-1;PRAIRIE ISLAND;UNITED STATES OF AMERICA;1096;-92.633100;44.619400;;-92.6331;44.6194
pm9783;PRAIRIE ISLAND-2;PRAIRIE ISLAND;UNITED STATES OF AMERICA;1096;-92.633100;44.619400;;-92.6331;44.6194
pm9784;QUAD CITIES-1;QUAD CITIES;UNITED STATES OF AMERICA;1734;-90.310000;41.726100;;-90.31;41.7261
pm9785;QUAD CITIES-2;QUAD CITIES;UNITED STATES OF AMERICA;1734;-90.310000;41.726100;;-90.31;41.7261
pm9786;R.E. GINNA;R.E. GINNA;UNITED STATES OF AMERICA;580;-77.308900;43.291700;;-77.3089;43.2917
pm9787;RIVER BEND-1;RIVER BEND;UNITED STATES OF AMERICA;978;-91.331700;30.757200;;-91.3317;30.7572
pm9788;SALEM-1;SALEM;UNITED STATES OF AMERICA;2332;-75.535800;39.462800;;-75.5358;39.4628
pm9789;SALEM-2;SALEM;UNITED STATES OF AMERICA;2332;-75.535800;39.462800;;-75.5358;39.4628
pm9790;SAN ONOFRE-2;SAN ONOFRE;UNITED STATES OF AMERICA;2150;-117.557000;33.370300;;-117.557;33.3703
pm9791;SAN ONOFRE-3;SAN ONOFRE;UNITED STATES OF AMERICA;2150;-117.557000;33.370300;;-117.557;33.3703
pm9792;SEABROOK-1;SEABROOK;UNITED STATES OF AMERICA;1245;-70.851400;42.898100;;-70.8514;42.8981
pm9793;SEQUOYAH-1;SEQUOYAH;UNITED STATES OF AMERICA;2274;-85.087800;35.223300;;-85.0878;35.2233
pm9794;SEQUOYAH-2;SEQUOYAH;UNITED STATES OF AMERICA;2274;-85.087800;35.223300;;-85.0878;35.2233
pm9795;SHEARON HARRIS-1;SHEARON HARRIS;UNITED STATES OF AMERICA;900;-78.956100;35.633300;;-78.9561;35.6333
pm9796;SOUTH TEXAS-1;SOUTH TEXAS;UNITED STATES OF AMERICA;2560;-96.048100;28.795000;;-96.0481;28.795
pm9797;SOUTH TEXAS-2;SOUTH TEXAS;UNITED STATES OF AMERICA;2560;-96.048100;28.795000;;-96.0481;28.795
pm9798;ST. LUCIE-1;ST. LUCIE;UNITED STATES OF AMERICA;1678;-80.246400;27.348600;;-80.2464;27.3486
pm9799;ST. LUCIE-2;ST. LUCIE;UNITED STATES OF AMERICA;1678;-80.246400;27.348600;;-80.2464;27.3486
pm9800;SURRY-1;SURRY;UNITED STATES OF AMERICA;1598;-76.698300;37.165600;;-76.6983;37.1656
pm9801;SURRY-2;SURRY;UNITED STATES OF AMERICA;1598;-76.698300;37.165600;;-76.6983;37.1656
pm9802;SUSQUEHANNA-1;SUSQUEHANNA;UNITED STATES OF AMERICA;2325;-76.148600;41.091700;;-76.1486;41.0917
pm9803;SUSQUEHANNA-2;SUSQUEHANNA;UNITED STATES OF AMERICA;2325;-76.148600;41.091700;;-76.1486;41.0917
pm9804;THREE MILE ISLAND-1;THREE MILE ISLAND;UNITED STATES OF AMERICA;786;-76.725000;40.153100;;-76.725;40.1531
pm9805;TURKEY POINT-3;TURKEY POINT;UNITED STATES OF AMERICA;1386;-80.331400;25.435000;;-80.3314;25.435
pm9806;TURKEY POINT-4;TURKEY POINT;UNITED STATES OF AMERICA;1386;-80.331400;25.435000;;-80.3314;25.435
pm9807;OHMA;OHMA;JAPAN;1325;140.910278;41.509722;;140.910278;41.509722
pm9808;ONAGAWA-1;ONAGAWA;JAPAN;2090;141.500000;38.400000;;141.5;38.4
pm9809;ONAGAWA-2;ONAGAWA;JAPAN;2090;141.500000;38.400000;;141.5;38.4
pm9810;ONAGAWA-3;ONAGAWA;JAPAN;2090;141.500000;38.400000;;141.5;38.4
pm9811;SENDAI-1;SENDAI;JAPAN;1692;130.183000;31.816700;;130.183;31.8167
pm9812;SENDAI-2;SENDAI;JAPAN;1692;130.183000;31.816700;;130.183;31.8167
pm9813;SHIKA-1;SHIKA;JAPAN;1613;136.733000;37.050000;;136.733;37.05
pm9814;SHIKA-2;SHIKA;JAPAN;1613;136.733000;37.050000;;136.733;37.05
pm9815;SHIMANE-1;SHIMANE;JAPAN;2553;133.000000;35.533300;;133;35.5333
pm9816;SHIMANE-2;SHIMANE;JAPAN;2553;133.000000;35.533300;;133;35.5333
pm9817;SHIMANE-3;SHIMANE;JAPAN;2553;133.000000;35.533300;;133;35.5333
pm9818;TAKAHAMA-1;TAKAHAMA;JAPAN;3220;135.517000;35.516700;;135.517;35.5167
pm9819;TAKAHAMA-2;TAKAHAMA;JAPAN;3220;135.517000;35.516700;;135.517;35.5167
pm9820;TAKAHAMA-3;TAKAHAMA;JAPAN;3220;135.517000;35.516700;;135.517;35.5167
pm9821;TAKAHAMA-4;TAKAHAMA;JAPAN;3220;135.517000;35.516700;;135.517;35.5167
pm9822;TOKAI-2;TOKAI;JAPAN;1060;140.610000;36.462500;;140.61;36.4625
pm9823;TOMARI-1;TOMARI;JAPAN;1966;140.517000;43.033300;;140.517;43.0333
pm9824;TOMARI-2;TOMARI;JAPAN;1966;140.517000;43.033300;;140.517;43.0333
pm9825;TOMARI-3;TOMARI;JAPAN;1966;140.517000;43.033300;;140.517;43.0333
pm9826;VERMONT YANKEE;VERMONT YANKEE;UNITED STATES OF AMERICA;620;-72.515800;42.780300;;-72.5158;42.7803
pm9827;VIRGIL C. SUMMER-1;VIRGIL C. SUMMER;UNITED STATES OF AMERICA;966;-81.320300;34.295800;;-81.3203;34.2958
pm9828;VOGTLE-1;VOGTLE;UNITED STATES OF AMERICA;2302;-81.764700;33.141900;;-81.7647;33.1419
pm9829;VOGTLE-2;VOGTLE;UNITED STATES OF AMERICA;2302;-81.764700;33.141900;;-81.7647;33.1419
pm9830;WATERFORD-3;WATERFORD;UNITED STATES OF AMERICA;1176;-90.471100;29.995000;;-90.4711;29.995
pm9831;WATTS BAR-1;WATTS BAR;UNITED STATES OF AMERICA;2288;-84.790300;35.602800;;-84.7903;35.6028
pm9832;WATTS BAR-2;WATTS BAR;UNITED STATES OF AMERICA;2288;-84.790300;35.602800;;-84.7903;35.6028
pm9833;WOLF CREEK;WOLF CREEK;UNITED STATES OF AMERICA;1160;-95.688900;38.238900;;-95.6889;38.2389
pm9834;CHANGJIANG 1;CHANG JIANG;CHINA;1220;108.812500;19.423056;;108.8125;19.423056
pm9835;CHANGJIANG 2;CHANG JIANG;CHINA;1220;108.812500;19.423056;;108.8125;19.423056
pm9836;FANGCHENGGANG 1;FANGCHENGGANG;CHINA;1000;108.347253;21.615298;;108.347253;21.615298
pm9837;FANGJIASHAN 1;QINSHAN;CHINA;6038;120.933000;30.450000;;120.933;30.45
pm9838;FANGJIASHAN 2;QINSHAN;CHINA;6038;120.933000;30.450000;;120.933;30.45
pm9839;FUQING 1;FUQING;CHINA;3000;119.450556;25.448056;;119.450556;25.448056
pm9840;FUQING 2;FUQING;CHINA;3000;119.450556;25.448056;;119.450556;25.448056
pm9841;FUQING 3;FUQING;CHINA;3000;119.450556;25.448056;;119.450556;25.448056
pm9842;GUANGDONG-1;GUANGDONG;CHINA;1888;114.533000;22.600000;;114.533;22.6
pm9843;GUANGDONG-2;GUANGDONG;CHINA;1888;114.533000;22.600000;;114.533;22.6
pm9844;HAIYANG 1;HAIYANG;CHINA;2000;121.383333;36.708333;;121.383333;36.708333
pm9845;HAIYANG 2;HAIYANG;CHINA;2000;121.383333;36.708333;;121.383333;36.708333
pm9846;HONGYANHE 1;HONGYANHE;CHINA;4000;121.475000;39.801944;;121.475;39.801944
pm9847;HONGYANHE 2;HONGYANHE;CHINA;4000;121.475000;39.801944;;121.475;39.801944
pm9848;HONGYANHE 3;HONGYANHE;CHINA;4000;121.475000;39.801944;;121.475;39.801944
pm9849;HONGYANHE 4;HONGYANHE;CHINA;4000;121.475000;39.801944;;121.475;39.801944
pm9850;LINGAO 1;LINGAO;CHINA;3876;114.542000;22.600000;;114.542;22.6
pm9851;LINGAO 2;LINGAO;CHINA;3876;114.542000;22.600000;;114.542;22.6
pm9852;LINGAO 3;LINGAO II;CHINA;3876;114.542000;22.600000;;114.542;22.6
pm9853;LINGAO 4;LINGAO II;CHINA;3876;114.542000;22.600000;;114.542;22.6
pm9854;NINGDE 1;NINGDE;CHINA;4000;120.283333;27.045000;;120.283333;27.045
pm9855;NINGDE 2;NINGDE;CHINA;4000;120.283333;27.045000;;120.283333;27.045
pm9856;NINGDE 3;NINGDE;CHINA;4000;120.283333;27.045000;;120.283333;27.045
pm9857;NINGDE 4;NINGDE;CHINA;4000;120.283333;27.045000;;120.283333;27.045
pm9858;QINSHAN 1;QINSHAN;CHINA;6038;120.933000;30.450000;;120.933;30.45
pm9859;QINSHAN 2-1;QINSHAN;CHINA;6038;120.933000;30.450000;;120.933;30.45
pm9860;QINSHAN 2-2;QINSHAN;CHINA;6038;120.933000;30.450000;;120.933;30.45
pm9861;QINSHAN 2-3;QINSHAN;CHINA;6038;120.933000;30.450000;;120.933;30.45
pm9862;QINSHAN 2-4;QINSHAN;CHINA;6038;120.933000;30.450000;;120.933;30.45
pm9863;QINSHAN 3-1;QINSHAN;CHINA;6038;120.933000;30.450000;;120.933;30.45
pm9864;QINSHAN 3-2;QINSHAN;CHINA;6038;120.933000;30.450000;;120.933;30.45
pm9865;SANMEN 1;SANMEN;CHINA;2000;121.641944;29.101111;;121.641944;29.101111
pm9866;SANMEN 2;SANMEN;CHINA;2000;121.641944;29.101111;;121.641944;29.101111
pm9867;TAISHAN 1;TAISHAN;CHINA;3400;113.000000;22.000000;;113;22
pm9868;TAISHAN 2;TAISHAN;CHINA;3400;113.000000;22.000000;;113;22
pm9869;TIANWAN 1;TIANWAN;CHINA;1866;119.447000;34.683300;;119.447;34.6833
pm9870;TIANWAN 2;TIANWAN;CHINA;1866;119.447000;34.683300;;119.447;34.6833
pm9871;YANGJIANG 1;YANGJIANG;CHINA;3000;112.261111;21.708333;;112.261111;21.708333
pm9872;YANGJIANG 2;YANGJIANG;CHINA;3000;112.261111;21.708333;;112.261111;21.708333
pm9873;YANGJIANG 3;YANGJIANG;CHINA;3000;112.261111;21.708333;;112.261111;21.708333
pm9874;FUKUSHIMA-DAIICHI-1;FUKUSHIMA-DAIICHI;JAPAN;4546;141.033000;37.416700;;141.033;37.4167
pm9875;FUKUSHIMA-DAIICHI-2;FUKUSHIMA-DAIICHI;JAPAN;4546;141.033000;37.416700;;141.033;37.4167
pm9876;CHASNUPP  2;CHASNUPP;PAKISTAN;600;71.483300;32.666700;;71.4833;32.6667
pm9877;CHASNUPP 1;CHASNUPP;PAKISTAN;600;71.483300;32.666700;;71.4833;32.6667
pm9878;KANUPP;KANUPP;PAKISTAN;125;66.800000;24.850000;;66.8;24.85
pm9879;ARMENIA-2;ARMENIA;ARMENIA;375;44.133300;40.166700;;44.1333;40.1667
pm9880;BELENE-1;BELENE;BULGARIA;1906;25.133989;43.596470;;25.133989;43.59647
pm9881;BELENE-2;BELENE;BULGARIA;1906;25.133989;43.596470;;25.133989;43.59647
pm9882;KOZLODUY-5;KOZLODUY;BULGARIA;1906;23.633300;43.750000;;23.6333;43.75
pm9883;KOZLODUY-6;KOZLODUY;BULGARIA;1906;23.633300;43.750000;;23.6333;43.75
pm9884;DUKOVANY-1;DUKOVANY;CZECH REPUBLIC;1796;16.133300;49.083300;;16.1333;49.0833
pm9885;DUKOVANY-2;DUKOVANY;CZECH REPUBLIC;1796;16.133300;49.083300;;16.1333;49.0833
pm9886;DUKOVANY-3;DUKOVANY;CZECH REPUBLIC;1796;16.133300;49.083300;;16.1333;49.0833
pm9887;DUKOVANY-4;DUKOVANY;CZECH REPUBLIC;1796;16.133300;49.083300;;16.1333;49.0833
pm9888;TEMELIN-1;TEMELIN;CZECH REPUBLIC;1926;14.266700;49.166700;;14.2667;49.1667
pm9889;TEMELIN-2;TEMELIN;CZECH REPUBLIC;1926;14.266700;49.166700;;14.2667;49.1667
pm9890;PAKS-1;PAKS;HUNGARY;1889;18.854200;46.572500;;18.8542;46.5725
pm9891;PAKS-2;PAKS;HUNGARY;1889;18.854200;46.572500;;18.8542;46.5725
pm9892;PAKS-3;PAKS;HUNGARY;1889;18.854200;46.572500;;18.8542;46.5725
pm9893;PAKS-4;PAKS;HUNGARY;1889;18.854200;46.572500;;18.8542;46.5725
pm9894;CERNAVODA-1;CERNAVODA;ROMANIA;1300;28.016700;44.316700;;28.0167;44.3167
pm9895;CERNAVODA-2;CERNAVODA;ROMANIA;1300;28.016700;44.316700;;28.0167;44.3167
pm9896;AKADEMIK LOMONOSOV 1;VILYUCHINSK;RUSSIAN FEDERATION;34;30.258056;59.931389;;30.258056;59.931389
pm9897;AKADEMIK LOMONOSOV 2;VILYUCHINSK;RUSSIAN FEDERATION;64;30.258056;59.931389;;30.258056;59.931389
pm9898;BALAKOVO-1;BALAKOVO;RUSSIAN FEDERATION;3800;47.366700;51.916700;;47.3667;51.9167
pm9899;BALAKOVO-2;BALAKOVO;RUSSIAN FEDERATION;3800;47.366700;51.916700;;47.3667;51.9167
pm9900;BALAKOVO-3;BALAKOVO;RUSSIAN FEDERATION;3800;47.366700;51.916700;;47.3667;51.9167
pm9901;BALAKOVO-4;BALAKOVO;RUSSIAN FEDERATION;3800;47.366700;51.916700;;47.3667;51.9167
pm9902;BELOYARSKY-3 (BN-600);BELOYARSKY;RUSSIAN FEDERATION;1364;61.316700;56.850000;;61.3167;56.85
pm9903;BELOYARSKY-4 (BN-800);BELOYARSKY;RUSSIAN FEDERATION;1364;61.316700;56.850000;;61.3167;56.85
pm9904;FLAMANVILLE-2;FLAMANVILLE;FRANCE;2660;-1.881390;49.535800;;-1.88139;49.5358
pm9905;FLAMANVILLE-3;FLAMANVILLE;FRANCE;2660;-1.881390;49.535800;;-1.88139;49.5358
pm9906;GOLFECH-1;GOLFECH;FRANCE;2620;0.866670;44.100000;;0.86667;44.1
pm9907;GOLFECH-2;GOLFECH;FRANCE;2620;0.866670;44.100000;;0.86667;44.1
pm9908;GRAVELINES-1;GRAVELINES;FRANCE;5460;2.144170;51.016100;;2.14417;51.0161
pm9909;GRAVELINES-2;GRAVELINES;FRANCE;5460;2.144170;51.016100;;2.14417;51.0161
pm9910;GRAVELINES-3;GRAVELINES;FRANCE;5460;2.144170;51.016100;;2.14417;51.0161
pm9911;GRAVELINES-4;GRAVELINES;FRANCE;5460;2.144170;51.016100;;2.14417;51.0161
pm9912;GRAVELINES-5;GRAVELINES;FRANCE;5460;2.144170;51.016100;;2.14417;51.0161
pm9913;GRAVELINES-6;GRAVELINES;FRANCE;5460;2.144170;51.016100;;2.14417;51.0161
pm9914;NOGENT-1;NOGENT;FRANCE;2620;3.520000;48.517200;;3.52;48.5172
pm9915;NOGENT-2;NOGENT;FRANCE;2620;3.520000;48.517200;;3.52;48.5172
pm9916;PALUEL-1;PALUEL;FRANCE;5320;0.633060;49.858100;;0.63306;49.8581
pm9917;PALUEL-2;PALUEL;FRANCE;5320;0.633060;49.858100;;0.63306;49.8581
pm9918;PALUEL-3;PALUEL;FRANCE;5320;0.633060;49.858100;;0.63306;49.8581
pm9919;PALUEL-4;PALUEL;FRANCE;5320;0.633060;49.858100;;0.63306;49.8581
pm9920;PENLY-1;PENLY;FRANCE;2660;1.211940;49.975600;;1.21194;49.9756
pm9921;ASCO-2;ASCO;SPAIN;1992;0.566670;41.200000;;0.56667;41.2
pm9922;COFRENTES;COFRENTES;SPAIN;1064;-1.050000;39.216700;;-1.05;39.2167
pm9923;SANTA MARIA DE GARONA;SANTA MARIA DE GARONA;SPAIN;446;-3.216670;42.766700;;-3.21667;42.7667
pm9924;TRILLO-1;TRILLO;SPAIN;1003;-2.600000;40.683300;;-2.6;40.6833
pm9925;VANDELLOS-2;VANDELLOS;SPAIN;1045;0.883330;40.966700;;0.88333;40.9667
pm9926;FORSMARK-1;FORSMARK;SWEDEN;3138;18.183300;60.400000;;18.1833;60.4
pm9927;FORSMARK-2;FORSMARK;SWEDEN;3138;18.183300;60.400000;;18.1833;60.4
pm9928;FORSMARK-3;FORSMARK;SWEDEN;3138;18.183300;60.400000;;18.1833;60.4
pm9929;OSKARSHAMN-1;OSKARSHAMN;SWEDEN;2511;16.666700;57.416700;;16.6667;57.4167
pm9930;OSKARSHAMN-2;OSKARSHAMN;SWEDEN;2511;16.666700;57.416700;;16.6667;57.4167
pm9931;OSKARSHAMN-3;OSKARSHAMN;SWEDEN;2511;16.666700;57.416700;;16.6667;57.4167
pm9932;RINGHALS-1;RINGHALS;SWEDEN;3649;12.116700;57.250000;;12.1167;57.25
pm9933;RINGHALS-2;RINGHALS;SWEDEN;3649;12.116700;57.250000;;12.1167;57.25
pm9934;RINGHALS-3;RINGHALS;SWEDEN;3649;12.116700;57.250000;;12.1167;57.25
pm9935;RINGHALS-4;RINGHALS;SWEDEN;3649;12.116700;57.250000;;12.1167;57.25
pm9936;BEZNAU-1;BEZNAU;SWITZERLAND;730;8.233330;47.566700;;8.23333;47.5667
pm9937;BEZNAU-2;BEZNAU;SWITZERLAND;730;8.233330;47.566700;;8.23333;47.5667
pm9938;FUKUSHIMA-DAIICHI-3;FUKUSHIMA-DAIICHI;JAPAN;4546;141.033000;37.416700;;141.033;37.4167
pm9939;FUKUSHIMA-DAIICHI-4;FUKUSHIMA-DAIICHI;JAPAN;4546;141.033000;37.416700;;141.033;37.4167
pm9940;FUKUSHIMA-DAIICHI-5;FUKUSHIMA-DAIICHI;JAPAN;4546;141.033000;37.416700;;141.033;37.4167
pm9941;FUKUSHIMA-DAIICHI-6;FUKUSHIMA-DAIICHI;JAPAN;4546;141.033000;37.416700;;141.033;37.4167
pm9942;FUKUSHIMA-DAINI-1;FUKUSHIMA-DAINI;JAPAN;4268;141.033000;37.316700;;141.033;37.3167
pm9943;FUKUSHIMA-DAINI-2;FUKUSHIMA-DAINI;JAPAN;4268;141.033000;37.316700;;141.033;37.3167
pm9944;FUKUSHIMA-DAINI-3;FUKUSHIMA-DAINI;JAPAN;4268;141.033000;37.316700;;141.033;37.3167
pm9945;FUKUSHIMA-DAINI-4;FUKUSHIMA-DAINI;JAPAN;4268;141.033000;37.316700;;141.033;37.3167
pm9946;GENKAI-1;GENKAI;JAPAN;3312;129.833000;33.516700;;129.833;33.5167
pm9947;GENKAI-2;GENKAI;JAPAN;3312;129.833000;33.516700;;129.833;33.5167
pm9948;GENKAI-3;GENKAI;JAPAN;3312;129.833000;33.516700;;129.833;33.5167
pm9949;GENKAI-4;GENKAI;JAPAN;3312;129.833000;33.516700;;129.833;33.5167
pm9950;HAMAOKA-3;HAMAOKA;JAPAN;3360;138.150000;34.616700;;138.15;34.6167
pm9951;HAMAOKA-4;HAMAOKA;JAPAN;3360;138.150000;34.616700;;138.15;34.6167
pm9952;HAMAOKA-5;HAMAOKA;JAPAN;3360;138.150000;34.616700;;138.15;34.6167
pm9953;HIGASHI DORI 1 (TOHOKU);HIGASHI DORI;JAPAN;1067;141.317000;41.266700;;141.317;41.2667
pm9954;IKATA-1;IKATA;JAPAN;1922;132.317000;33.483300;;132.317;33.4833
pm9955;PENLY-2;PENLY;FRANCE;2660;1.211940;49.975600;;1.21194;49.9756
pm9956;ST. ALBAN-1;ST. ALBAN;FRANCE;2670;4.755560;45.405000;;4.75556;45.405
pm9957;ST. ALBAN-2;ST. ALBAN;FRANCE;2670;4.755560;45.405000;;4.75556;45.405
pm9958;ST. LAURENT-B-1;ST. LAURENT;FRANCE;1830;1.579170;47.720300;;1.57917;47.7203
pm9959;ST. LAURENT-B-2;ST. LAURENT;FRANCE;1830;1.579170;47.720300;;1.57917;47.7203
pm9960;TRICASTIN-1;TRICASTIN;FRANCE;3660;4.732220;44.329700;;4.73222;44.3297
pm9961;TRICASTIN-2;TRICASTIN;FRANCE;3660;4.732220;44.329700;;4.73222;44.3297
pm9962;TRICASTIN-3;TRICASTIN;FRANCE;3660;4.732220;44.329700;;4.73222;44.3297
pm9963;TRICASTIN-4;TRICASTIN;FRANCE;3660;4.732220;44.329700;;4.73222;44.3297
pm9964;BIBLIS-A (KWB A);BIBLIS;GERMANY;2407;8.416670;49.716700;;8.41667;49.7167
pm9965;BIBLIS-B (KWB B);BIBLIS;GERMANY;2407;8.416670;49.716700;;8.41667;49.7167
pm9966;BROKDORF (KBR);BROKDORF (KBR);GERMANY;1410;9.344722;53.850833;;9.344722;53.850833
pm9967;BRUNSBUETTEL (KKB);BRUNSBUETTEL (KKB);GERMANY;771;9.201667;53.891667;;9.201667;53.891667
pm9968;EMSLAND (KKE);EMSLAND (KKE);GERMANY;1329;7.317858;52.474231;;7.317858;52.474231
pm9969;GRAFENRHEINFELD (KKG);GRAFENRHEINFELD (KKG);GERMANY;1275;10.184669;49.984086;;10.184669;49.984086
pm9970;KURSK-3;KURSK;RUSSIAN FEDERATION;3700;35.616700;51.683300;;35.6167;51.6833
pm9971;KURSK-4;KURSK;RUSSIAN FEDERATION;3700;35.616700;51.683300;;35.6167;51.6833
pm9972;KURSK-5;KURSK;RUSSIAN FEDERATION;3700;35.616700;51.683300;;35.6167;51.6833
pm9973;LENINGRAD 2-1;LENINGRAD-2;RUSSIAN FEDERATION;5750;29.057100;59.830500;;29.0571;59.8305
pm9974;LENINGRAD 2-2;LENINGRAD-2;RUSSIAN FEDERATION;5750;29.057100;59.830500;;29.0571;59.8305
pm9975;LENINGRAD-1;LENINGRAD;RUSSIAN FEDERATION;5750;29.033300;59.833300;;29.0333;59.8333
pm9976;LENINGRAD-2;LENINGRAD;RUSSIAN FEDERATION;5750;29.033300;59.833300;;29.0333;59.8333
pm9977;LENINGRAD-3;LENINGRAD;RUSSIAN FEDERATION;5750;29.033300;59.833300;;29.0333;59.8333
pm9978;LENINGRAD-4;LENINGRAD;RUSSIAN FEDERATION;5750;29.033300;59.833300;;29.0333;59.8333
pm9979;NOVOVORONEZH 2-1;NOVOVORONEZH-2;RUSSIAN FEDERATION;3948;39.200000;51.275000;;39.2;51.275
pm9980;NOVOVORONEZH 2-2;NOVOVORONEZH-2;RUSSIAN FEDERATION;3948;39.200000;51.275000;;39.2;51.275
pm9981;NOVOVORONEZH-3;NOVOVORONEZH;RUSSIAN FEDERATION;3948;39.216700;51.283300;;39.2167;51.2833
pm9982;NOVOVORONEZH-4;NOVOVORONEZH;RUSSIAN FEDERATION;3948;39.216700;51.283300;;39.2167;51.2833
pm9983;NOVOVORONEZH-5;NOVOVORONEZH;RUSSIAN FEDERATION;3948;39.216700;51.283300;;39.2167;51.2833
pm9984;GROHNDE (KWG);GROHNDE (KWG);GERMANY;1360;9.413333;52.035000;;9.413333;52.035
pm9985;GUNDREMMINGEN-B (GUN-B);GUNDREMMINGEN;GERMANY;2572;10.400000;48.516700;;10.4;48.5167
pm9986;GUNDREMMINGEN-C (GUN-C);GUNDREMMINGEN;GERMANY;2572;10.400000;48.516700;;10.4;48.5167
pm9987;ISAR-1 (KKI 1);ISAR;GERMANY;2288;12.300000;48.600000;;12.3;48.6
pm9988;ISAR-2 (KKI 2);ISAR;GERMANY;2288;12.300000;48.600000;;12.3;48.6
pm9989;KRUEMMEL (KKK);KRUEMMEL (KKK);GERMANY;1346;10.408889;53.410000;;10.408889;53.41
pm9990;NECKARWESTHEIM-1 (GKN 1);NECKARWESTHEIM;GERMANY;2095;9.166670;49.033300;;9.16667;49.0333
pm9991;NECKARWESTHEIM-2 (GKN 2);NECKARWESTHEIM;GERMANY;2095;9.166670;49.033300;;9.16667;49.0333
pm9992;PHILIPPSBURG-1 (KKP 1);PHILIPPSBURG;GERMANY;2292;8.450000;49.250000;;8.45;49.25
pm9993;PHILIPPSBURG-2 (KKP 2);PHILIPPSBURG;GERMANY;2292;8.450000;49.250000;;8.45;49.25
pm9994;UNTERWESER (KKU);UNTERWESER (KKU);GERMANY;1345;8.480197;53.427700;;8.480197;53.4277
pm9995;BORSSELE;BORSSELE;NETHERLANDS;487;3.700000;51.433300;;3.7;51.4333
pm9996;ALMARAZ-1;ALMARAZ;SPAIN;1964;-5.696940;39.808100;;-5.69694;39.8081
pm9997;ALMARAZ-2;ALMARAZ;SPAIN;1964;-5.696940;39.808100;;-5.69694;39.8081
pm9998;ASCO-1;ASCO;SPAIN;1992;0.566670;41.200000;;0.56667;41.2
pm9999;ZAPOROZHE-3;ZAPOROZHE;UKRAINE;5700;34.633300;47.483300;;34.6333;47.4833
pm10000;ZAPOROZHE-4;ZAPOROZHE;UKRAINE;5700;34.633300;47.483300;;34.6333;47.4833
pm10001;ZAPOROZHE-5;ZAPOROZHE;UKRAINE;5700;34.633300;47.483300;;34.6333;47.4833
pm10002;ZAPOROZHE-6;ZAPOROZHE;UKRAINE;5700;34.633300;47.483300;;34.6333;47.4833
pm10003;DOEL-1;DOEL;BELGIUM;2910;4.250000;51.333300;;4.25;51.3333
pm10004;DOEL-2;DOEL;BELGIUM;2910;4.250000;51.333300;;4.25;51.3333
pm10005;DOEL-3;DOEL;BELGIUM;2910;4.250000;51.333300;;4.25;51.3333
pm10006;DOEL-4;DOEL;BELGIUM;2910;4.250000;51.333300;;4.25;51.3333
pm10007;TIHANGE-1;TIHANGE;BELGIUM;3016;5.283330;50.516700;;5.28333;50.5167
pm10008;TIHANGE-2;TIHANGE;BELGIUM;3016;5.283330;50.516700;;5.28333;50.5167
pm10009;TIHANGE-3;TIHANGE;BELGIUM;3016;5.283330;50.516700;;5.28333;50.5167
pm10010;LOVIISA-1;LOVIISA;FINLAND;976;26.350000;60.366700;;26.35;60.3667
pm10011;LOVIISA-2;LOVIISA;FINLAND;976;26.350000;60.366700;;26.35;60.3667
pm10012;OLKILUOTO-1;OLKILUOTO;FINLAND;3340;21.433300;61.233300;;21.4333;61.2333
pm10013;OLKILUOTO-2;OLKILUOTO;FINLAND;3340;21.433300;61.233300;;21.4333;61.2333
pm10014;OLKILUOTO-3;OLKILUOTO;FINLAND;3340;21.433300;61.233300;;21.4333;61.2333
pm10015;BELLEVILLE-1;BELLEVILLE;FRANCE;2620;2.877500;47.507500;;2.8775;47.5075
pm10016;BELLEVILLE-2;BELLEVILLE;FRANCE;2620;2.877500;47.507500;;2.8775;47.5075
pm10017;BLAYAIS-1;BLAYAIS;FRANCE;3640;-0.688610;45.260800;;-0.68861;45.2608
pm10018;BLAYAIS-2;BLAYAIS;FRANCE;3640;-0.688610;45.260800;;-0.68861;45.2608
pm10019;BLAYAIS-3;BLAYAIS;FRANCE;3640;-0.688610;45.260800;;-0.68861;45.2608
pm10020;BLAYAIS-4;BLAYAIS;FRANCE;3640;-0.688610;45.260800;;-0.68861;45.2608
pm10021;BUGEY-2;BUGEY;FRANCE;3580;5.270000;45.795600;;5.27;45.7956
pm10022;BUGEY-3;BUGEY;FRANCE;3580;5.270000;45.795600;;5.27;45.7956
pm10023;BUGEY-4;BUGEY;FRANCE;3580;5.270000;45.795600;;5.27;45.7956
pm10024;BUGEY-5;BUGEY;FRANCE;3580;5.270000;45.795600;;5.27;45.7956
pm10025;CATTENOM-1;CATTENOM;FRANCE;5200;6.216390;49.413600;;6.21639;49.4136
pm10026;CATTENOM-2;CATTENOM;FRANCE;5200;6.216390;49.413600;;6.21639;49.4136
pm10027;CATTENOM-3;CATTENOM;FRANCE;5200;6.216390;49.413600;;6.21639;49.4136
pm10028;CATTENOM-4;CATTENOM;FRANCE;5200;6.216390;49.413600;;6.21639;49.4136
pm10029;CHINON-B-1;CHINON;FRANCE;3620;0.183330;47.233300;;0.18333;47.2333
pm10030;CHINON-B-2;CHINON;FRANCE;3620;0.183330;47.233300;;0.18333;47.2333
pm10031;CHINON-B-3;CHINON;FRANCE;3620;0.183330;47.233300;;0.18333;47.2333
pm10032;CHINON-B-4;CHINON;FRANCE;3620;0.183330;47.233300;;0.18333;47.2333
pm10033;CHOOZ-B-1;CHOOZ;FRANCE;3000;4.789440;50.090000;;4.78944;50.09
pm10034;CHOOZ-B-2;CHOOZ;FRANCE;3000;4.789440;50.090000;;4.78944;50.09
pm10035;CIVAUX-1;CIVAUX;FRANCE;2990;0.659170;46.457500;;0.65917;46.4575
pm10036;CIVAUX-2;CIVAUX;FRANCE;2990;0.659170;46.457500;;0.65917;46.4575
pm10037;CRUAS-1;CRUAS;FRANCE;3660;4.755560;44.631400;;4.75556;44.6314
pm10038;CRUAS-2;CRUAS;FRANCE;3660;4.755560;44.631400;;4.75556;44.6314
pm10039;CRUAS-3;CRUAS;FRANCE;3660;4.755560;44.631400;;4.75556;44.6314
pm10040;CRUAS-4;CRUAS;FRANCE;3660;4.755560;44.631400;;4.75556;44.6314
pm10041;DAMPIERRE-1;DAMPIERRE;FRANCE;3560;2.516110;47.733900;;2.51611;47.7339
pm10042;DAMPIERRE-2;DAMPIERRE;FRANCE;3560;2.516110;47.733900;;2.51611;47.7339
pm10043;DAMPIERRE-3;DAMPIERRE;FRANCE;3560;2.516110;47.733900;;2.51611;47.7339
pm10044;DAMPIERRE-4;DAMPIERRE;FRANCE;3560;2.516110;47.733900;;2.51611;47.7339
pm10045;FESSENHEIM-1;FESSENHEIM;FRANCE;1760;7.565280;47.906400;;7.56528;47.9064
pm10046;FESSENHEIM-2;FESSENHEIM;FRANCE;1760;7.565280;47.906400;;7.56528;47.9064
pm10047;FLAMANVILLE-1;FLAMANVILLE;FRANCE;2660;-1.881390;49.535800;;-1.88139;49.5358
pm10048;ROSTOV-1;VOLGODONSK;RUSSIAN FEDERATION;3922;42.371878;47.599342;;42.371878;47.599342
pm10049;ROSTOV-2;VOLGODONSK;RUSSIAN FEDERATION;3922;42.371878;47.599342;;42.371878;47.599342
pm10050;ROSTOV-3;VOLGODONSK;RUSSIAN FEDERATION;3922;42.371878;47.599342;;42.371878;47.599342
pm10051;ROSTOV-4;VOLGODONSK;RUSSIAN FEDERATION;3922;42.371878;47.599342;;42.371878;47.599342
pm10052;SMOLENSK-1;SMOLENSK;RUSSIAN FEDERATION;2775;33.233300;54.166700;;33.2333;54.1667
pm10053;SMOLENSK-2;SMOLENSK;RUSSIAN FEDERATION;2775;33.233300;54.166700;;33.2333;54.1667
pm10054;SMOLENSK-3;SMOLENSK;RUSSIAN FEDERATION;2775;33.233300;54.166700;;33.2333;54.1667
pm10055;BOHUNICE-3;BOHUNICE V2;SLOVAK REPUBLIC;944;17.681944;48.494444;;17.681944;48.494444
pm10056;BOHUNICE-4;BOHUNICE V2;SLOVAK REPUBLIC;944;17.681944;48.494444;;17.681944;48.494444
pm10057;MOCHOVCE-1;MOCHOVCE;SLOVAK REPUBLIC;1654;18.450000;48.250000;;18.45;48.25
pm10058;MOCHOVCE-2;MOCHOVCE;SLOVAK REPUBLIC;1654;18.450000;48.250000;;18.45;48.25
pm10059;MOCHOVCE-3;MOCHOVCE II;SLOVAK REPUBLIC;1654;18.450000;48.250000;;18.45;48.25
pm10060;MOCHOVCE-4;MOCHOVCE II;SLOVAK REPUBLIC;1654;18.450000;48.250000;;18.45;48.25
pm10061;KRSKO;KRSKO;SLOVENIA;666;15.533300;45.916700;;15.5333;45.9167
pm10062;KHMELNITSKI-1;KHMELNITSKI;UKRAINE;3800;26.550000;50.600000;;26.55;50.6
pm10063;KHMELNITSKI-2;KHMELNITSKI;UKRAINE;3800;26.550000;50.600000;;26.55;50.6
pm10064;KHMELNITSKI-3;KHMELNITSKI;UKRAINE;3800;26.550000;50.600000;;26.55;50.6
pm10065;KHMELNITSKI-4;KHMELNITSKI;UKRAINE;3800;26.550000;50.600000;;26.55;50.6
pm10066;ROVNO-1;ROVNO;UKRAINE;2657;25.883300;51.333300;;25.8833;51.3333
pm10067;ROVNO-2;ROVNO;UKRAINE;2657;25.883300;51.333300;;25.8833;51.3333
pm10068;ROVNO-3;ROVNO;UKRAINE;2657;25.883300;51.333300;;25.8833;51.3333
pm10069;ROVNO-4;ROVNO;UKRAINE;2657;25.883300;51.333300;;25.8833;51.3333
pm10070;SOUTH UKRAINE-1;SOUTH UKRAINE;UKRAINE;1900;31.216700;47.816700;;31.2167;47.8167
pm10071;SOUTH UKRAINE-2;SOUTH UKRAINE;UKRAINE;1900;31.216700;47.816700;;31.2167;47.8167
pm10072;SOUTH UKRAINE-3;SOUTH UKRAINE;UKRAINE;1900;31.216700;47.816700;;31.2167;47.8167
pm10073;ZAPOROZHE-1;ZAPOROZHE;UKRAINE;5700;34.633300;47.483300;;34.6333;47.4833
pm10074;ZAPOROZHE-2;ZAPOROZHE;UKRAINE;5700;34.633300;47.483300;;34.6333;47.4833
pm10075;GOESGEN;GOESGEN;SWITZERLAND;970;7.983330;47.366700;;7.98333;47.3667
pm10076;LEIBSTADT;LEIBSTADT;SWITZERLAND;1190;8.181670;47.604700;;8.18167;47.6047
pm10077;MUEHLEBERG;MUEHLEBERG;SWITZERLAND;373;7.266670;46.966700;;7.26667;46.9667
pm10078;DUNGENESS-B1;DUNGENESS B;UNITED KINGDOM;1040;0.963889;50.913889;;0.963889;50.913889
pm10079;DUNGENESS-B2;DUNGENESS B;UNITED KINGDOM;1040;0.963889;50.913889;;0.963889;50.913889
pm10080;HARTLEPOOL-A1;HARTLEPOOL;UNITED KINGDOM;1190;-1.183330;54.633300;;-1.18333;54.6333
pm10081;HARTLEPOOL-A2;HARTLEPOOL;UNITED KINGDOM;1190;-1.183330;54.633300;;-1.18333;54.6333
pm10082;HEYSHAM-A1;HEYSHAM;UNITED KINGDOM;2400;-2.900000;54.033300;;-2.9;54.0333
pm10083;HEYSHAM-A2;HEYSHAM;UNITED KINGDOM;2400;-2.900000;54.033300;;-2.9;54.0333
pm10084;HEYSHAM-B1;HEYSHAM;UNITED KINGDOM;2400;-2.900000;54.033300;;-2.9;54.0333
pm10085;HEYSHAM-B2;HEYSHAM;UNITED KINGDOM;2400;-2.900000;54.033300;;-2.9;54.0333
pm10086;HINKLEY POINT-B1;HINKLEY POINT B;UNITED KINGDOM;840;-3.127477;51.209034;;-3.127477;51.209034
pm10087;HINKLEY POINT-B2;HINKLEY POINT B;UNITED KINGDOM;840;-3.127477;51.209034;;-3.127477;51.209034
pm10088;HUNTERSTON-B1;HUNTERSTON B;UNITED KINGDOM;860;-4.893789;55.722317;;-4.893789;55.722317
pm10089;HUNTERSTON-B2;HUNTERSTON B;UNITED KINGDOM;860;-4.893789;55.722317;;-4.893789;55.722317
pm10090;OLDBURY-A1;OLDBURY;UNITED KINGDOM;434;-2.566670;51.650000;;-2.56667;51.65
pm10091;OLDBURY-A2;OLDBURY;UNITED KINGDOM;434;-2.566670;51.650000;;-2.56667;51.65
pm10092;SIZEWELL-B;SIZEWELL B;UNITED KINGDOM;1188;1.619720;52.215000;;1.61972;52.215
pm10093;TORNESS 1;TORNESS;UNITED KINGDOM;1205;-2.400000;55.966700;;-2.4;55.9667
pm10094;TORNESS 2;TORNESS;UNITED KINGDOM;1205;-2.400000;55.966700;;-2.4;55.9667
pm10095;WYLFA 1;WYLFA;UNITED KINGDOM;980;-4.483330;53.416700;;-4.48333;53.4167
pm10096;WYLFA 2;WYLFA;UNITED KINGDOM;980;-4.483330;53.416700;;-4.48333;53.4167
